{
  "wallets": {
    "LUN_2af56d98b78675bd_fab4c661": {
      "last_scanned_height": 0,
      "last_scan_time": 0
    },
    "LUN_4c52b215cb1c661a_13ce8069": {
      "last_scanned_height": 0,
      "last_scan_time": 0
    },
    "LUN_4cdba8a3dea5b861_62894228": {
      "last_scanned_height": 0,
      "last_scan_time": 0
    },
    "LUN_4f2be18174364d81_f14ec9b9": {
      "last_scanned_height": 0,
      "last_scan_time": 0
    },
    "LUN_58b01bebb314a253_6ae4c722": {
      "last_scanned_height": 0,
      "last_scan_time": 0
    },
    "LUN_88365d8ac8e4217b_1d8c8c0f": {
      "last_scanned_height": 0,
      "last_scan_time": 0
    },
    "LUN_94c96d8048c24edc_bfebbbfa": {
      "last_scanned_height": 0,
      "last_scan_time": 0
    },
    "LUN_af490aad2fb72db4_649692cb": {
      "last_scanned_height": 0,
      "last_scan_time": 0
    },
    "LUN_38b43eb27b23f08d_0aaa2180": {
      "last_scanned_height": 0,
      "last_scan_time": 0
    },
    "LUN_cc9f7f7222fe2ac2_b34417d1": {
      "last_scanned_height": 0,
      "last_scan_time": 0
    },
    "LUN_d76cb78099656728_bffd3c38": {
      "last_scanned_height": 0,
      "last_scan_time": 0
    },
    "LUN_a553c1227238765c_05b710be": {
      "last_scanned_height": 0,
      "last_scan_time": 0
    },
    "LUN_60a4601d85f8ddae_ca5ea2bb": {
      "last_scanned_height": 0,
      "last_scan_time": 0
    },
    "LUN_81f1bc3c39b16869_636c5bc0": {
      "last_scanned_height": 0,
      "last_scan_time": 0
    },
    "LUN_4fec801ff0c39541_891106fd": {
      "last_scanned_height": 0,
      "last_scan_time": 0
    },
    "LUN_9cc3cf8fff072881_8b71766e": {
      "last_scanned_height": 499,
      "last_scan_time": 1761106367.7905192,
      "scan_type": "full"
    },
    "LUN_686eda2fc0eb2223_62303270": {
      "last_scanned_height": 0,
      "last_scan_time": 0
    },
    "LUN_621d02e18249afe4_c8b99f08": {
      "last_scanned_height": 0,
      "last_scan_time": 0
    }
  },
  "last_full_scan": 1761106367.7905192
}